id,first_name,last_name,email,phone_number,password,user_type,updatedAt,createdAt
1,Will,Sands-Allan,user@foodie.com,(992) 5211608,MiL9OnDm,user,2018-06-09 16:02:02,2019-03-22 11:03:16
2,Lelia,Cockett,lcockett1@free.fr,(217) 3419973,7KMHm9rI,user,2018-07-22 16:22:39,2018-08-24 21:57:42
3,Delmer,Joyes,djoyes2@answers.com,(318) 9576906,usveiX,user,2019-04-15 14:36:21,2019-03-29 01:29:13
4,Rogers,Nield,rnield3@google.es,(668) 2910636,pJIVx4vQ,user,2018-12-01 00:23:10,2018-07-30 04:29:19
5,Patti,Touhig,ptouhig4@twitpic.com,(587) 3481801,cHxm0RHvF,user,2019-03-18 00:06:37,2018-11-28 13:22:39
6,Minor,Gayter,mgayter5@jiathis.com,(803) 1820368,Pau2dLtrKFOG,user,2018-10-10 11:51:09,2018-09-02 02:59:03
7,Alameda,Huett,ahuett6@sourceforge.net,(584) 8421834,qXsNHX9ZIJ6t,user,2018-11-08 03:49:50,2019-03-07 13:56:42
8,Tonnie,Sibery,tsibery7@sohu.com,(617) 2773806,bexz9DSqc,user,2019-04-18 08:55:56,2018-09-02 07:09:44
9,Monro,Woolhouse,mwoolhouse8@usa.gov,(228) 3766832,6XPwgL95uXKX,user,2019-01-05 06:47:19,2019-01-04 15:50:19
10,Evangelina,Drennan,edrennan9@123-reg.co.uk,(566) 3572603,KfizXyR8Tb,user,2019-02-03 00:32:19,2018-11-21 22:05:32
11,Maisey,Gillcrist,mgillcrista@godaddy.com,(866) 4282171,gwWW1EtG,user,2018-06-19 02:20:13,2018-06-04 23:23:53
12,Ruby,Brenstuhl,rbrenstuhlb@unesco.org,(150) 3320631,7nOJtlqBxqy,user,2018-11-08 17:50:33,2018-08-19 02:58:51
13,Chrystel,Dank,cdankc@soup.io,(472) 5495689,q5Cz1m,user,2018-08-24 18:37:42,2018-11-16 23:22:32
14,Jacynth,Bucktharp,jbucktharpd@spotify.com,(710) 7397746,xV32Qdwf,user,2018-06-07 06:20:48,2018-07-08 05:00:13
15,Berny,Conkling,bconklinge@domainmarket.com,(660) 3133259,VVXon0,user,2018-11-17 02:12:03,2019-03-20 00:21:15
16,Madison,Filasov,mfilasovf@jalbum.net,(736) 4965211,BNH7Uydm,user,2019-02-02 10:31:41,2018-05-25 07:42:15
17,Ingemar,Mylchreest,imylchreestg@icq.com,(709) 5938742,VpJBp2Pfs,user,2018-09-09 11:04:28,2018-10-10 18:00:21
18,Retha,Batrip,rbatriph@imgur.com,(533) 8764134,qrCcRIriIjw,user,2018-07-28 11:39:08,2018-05-19 09:50:32
19,Kathye,Kitcher,kkitcheri@webeden.co.uk,(265) 8307408,lyE28SB,user,2019-02-05 23:28:05,2018-05-22 06:19:08
20,Giavani,Roake,groakej@theglobeandmail.com,(207) 9297202,j6IORD,user,2018-08-01 14:38:39,2019-02-03 06:06:23
21,Clarke,Foxten,cfoxtenk@alexa.com,(474) 2044964,flmtTtLjYp,user,2018-08-20 11:53:42,2018-11-28 22:18:46
22,Antoinette,Bleacher,ableacherl@gnu.org,(415) 4682530,3h2qmEe13,user,2018-06-09 11:12:24,2018-10-29 03:15:36
23,Sadella,Fonso,sfonsom@skype.com,(562) 4592227,B515WH,user,2019-03-01 06:16:03,2018-09-05 23:47:27
24,Mackenzie,Muckley,mmuckleyn@home.pl,(617) 1671475,c5eWYDJQ,user,2018-09-02 13:41:00,2018-05-17 01:20:34
25,Vere,Hamby,vhambyo@smugmug.com,(807) 8295407,t5F1jLt0N6w,user,2019-04-08 15:36:27,2018-07-18 10:22:24
26,Maddi,Wickson,mwicksonp@blogtalkradio.com,(483) 6513977,Qy0YDBi,user,2019-01-06 00:29:55,2019-03-03 13:14:37
27,Xavier,Frostick,xfrostickq@free.fr,(199) 4435153,1yI3Il,user,2018-08-05 13:18:33,2018-10-02 16:11:03
28,Valentine,Tenny,vtennyr@ucoz.com,(988) 9828532,tqh74PESgqoL,user,2019-01-21 09:48:40,2018-06-20 18:07:27
29,Devondra,Male,dmales@google.co.jp,(953) 9618605,E4EcxJ7JwDc1,user,2018-06-29 17:15:16,2018-05-09 05:25:26
30,Nomi,Livick,nlivickt@biblegateway.com,(886) 8885678,9mGcS2,user,2019-02-16 23:32:58,2019-04-03 14:19:21
31,Lewie,Mallaby,lmallabyu@discuz.net,(193) 6584254,htyRTkI,user,2019-05-02 10:41:04,2018-09-14 07:21:42
32,Ker,Adderson,kaddersonv@loc.gov,(497) 7234926,6vQagXdngmh,user,2019-02-22 23:50:50,2018-05-20 09:58:25
33,Kean,Mottershead,kmottersheadw@simplemachines.org,(746) 2048541,TUcuvKB,user,2018-09-09 05:19:18,2018-08-16 11:54:16
34,Britta,Machen,bmachenx@nationalgeographic.com,(567) 6882918,Jh0cZk3MEGt,user,2018-11-15 20:41:12,2018-06-24 08:54:34
35,Rance,Chrstine,rchrstiney@google.com.br,(711) 5869374,50Vox0P,user,2018-07-03 16:21:17,2019-03-21 09:46:31
36,Lorin,Edowes,ledowesz@themeforest.net,(421) 2107133,L4uYgWD5Z,user,2018-06-13 05:48:43,2019-03-25 18:06:49
37,Jackson,Dashwood,jdashwood10@fotki.com,(799) 7272680,TuNs0j0BEj,user,2019-01-27 01:41:52,2019-02-07 06:54:18
38,Karlotte,Hatfull,khatfull11@sun.com,(909) 2836992,vLnFv4Y,user,2018-11-28 02:42:42,2018-08-02 15:54:06
39,Tanner,Cofax,tcofax12@a8.net,(410) 4165552,6Rk2NMeRXfB,user,2018-10-16 16:13:08,2019-03-23 12:38:41
40,Bartholemy,Skelcher,bskelcher13@timesonline.co.uk,(369) 9905596,b8fWvvzIEc,user,2018-11-23 08:55:40,2019-04-09 05:54:53
41,Kerry,Oakton,koakton14@time.com,(912) 8643507,cpwfaO3Xt,user,2018-11-12 14:17:15,2018-07-04 02:25:10
42,Kermy,Josipovic,kjosipovic15@opensource.org,(159) 9080784,d7XrK23pUBN,user,2019-05-04 00:18:15,2018-07-03 17:23:29
43,Gay,Stracey,gstracey16@istockphoto.com,(836) 1918141,jwAln72,user,2019-04-27 19:08:49,2018-09-26 04:53:43
44,Dolly,Infante,dinfante17@discovery.com,(392) 1852452,ZjMEHF4Vy,user,2019-03-06 18:30:56,2018-08-18 05:57:56
45,Rochette,Cooch,rcooch18@spotify.com,(946) 3151886,dFoVTrcOnBcq,user,2018-07-28 09:59:53,2018-09-12 03:09:52
46,Alia,Vamplers,avamplers19@sciencedaily.com,(331) 6423557,CR2hKiu,user,2019-02-23 01:55:58,2018-06-28 17:09:29
47,Raffaello,Downage,rdownage1a@patch.com,(671) 5978713,bhqdiS44iK,user,2019-03-17 12:13:52,2018-07-24 06:28:42
48,Benoite,Pickard,bpickard1b@unblog.fr,(257) 1622605,aHEVLrXamEo,user,2019-01-20 16:10:41,2019-01-24 06:23:37
49,Chryste,Pulver,cpulver1c@techcrunch.com,(263) 2773182,WV74t7,user,2019-04-02 17:58:45,2019-01-16 18:00:03
50,Crysta,Lockyear,clockyear1d@hud.gov,(254) 9958056,CPJ1b3KH,user,2019-03-25 17:57:31,2019-04-28 05:07:11
51,Darbie,Stewart,dstewart1e@booking.com,(812) 5450491,xDQDn07cPT2L,user,2019-01-29 09:52:02,2018-11-07 16:36:06
52,Jackie,Chatt,jchatt1f@jigsy.com,(628) 1860578,hHGdgYgg,user,2019-03-26 14:49:25,2019-03-23 02:59:30
53,Franz,Rignold,frignold1g@patch.com,(921) 9008881,GU8R8Hw,user,2018-10-01 22:08:54,2018-05-22 06:14:04
54,Eziechiele,Yarmouth,eyarmouth1h@jugem.jp,(875) 6388977,vBH7fiu,user,2018-10-11 00:05:10,2018-12-09 19:48:34
55,Cheslie,Wilsey,cwilsey1i@dmoz.org,(270) 1240657,rAwRzOcPX11,user,2018-06-29 17:06:23,2019-02-04 07:45:32
56,Kaine,Iddens,kiddens1j@1und1.de,(934) 4832434,GbJK4Hy,user,2018-09-07 17:52:35,2019-01-05 00:01:27
57,Stella,Werendell,swerendell1k@bbb.org,(694) 4351131,JomxUQ1I,user,2019-02-20 21:19:27,2018-08-27 13:26:59
58,Gwendolen,Edleston,gedleston1l@toplist.cz,(122) 6114410,eAzMK3VpqIN7,user,2019-04-24 02:11:45,2018-07-14 04:19:12
59,Salaidh,Baudy,sbaudy1m@vimeo.com,(990) 2894980,OdtqbEaUm0ic,user,2018-06-20 08:00:09,2018-08-18 15:23:09
60,Austen,Burdell,aburdell1n@fastcompany.com,(963) 9729929,NVQ4a57MQtfp,user,2018-07-09 11:45:47,2018-05-12 01:14:27
61,Ike,Grinyov,igrinyov1o@google.co.jp,(688) 5444328,G3ncAtS4u,user,2019-03-13 20:52:00,2019-01-05 19:12:09
62,Maritsa,Hearons,mhearons1p@sitemeter.com,(657) 8290581,DrtHnQur,user,2018-07-01 13:55:16,2018-07-15 05:48:03
63,Sarene,Carty,scarty1q@sakura.ne.jp,(691) 6161347,iGstE3oICb,user,2019-03-04 08:02:32,2018-11-13 09:20:02
64,Jenni,Biasio,jbiasio1r@webmd.com,(874) 6345329,EJnG8oU90q,user,2018-07-08 16:08:55,2018-12-08 01:09:11
65,Pammy,Iskov,piskov1s@java.com,(540) 6712548,bhdC6K,user,2018-11-28 14:02:08,2018-09-30 13:23:51
66,Mandy,Wiffen,mwiffen1t@dmoz.org,(489) 7275143,0BgMJa,user,2019-02-24 08:22:45,2019-03-05 00:28:31
67,Adan,Limpertz,alimpertz1u@nymag.com,(246) 5111553,wTldc4,user,2019-02-18 03:37:02,2018-06-21 14:56:28
68,Miner,Mungane,mmungane1v@discovery.com,(217) 9309651,ZOGN3d,user,2018-06-15 10:27:16,2018-07-24 04:35:34
69,Junie,Ruddell,jruddell1w@narod.ru,(373) 4339025,Xavk8Z2iu,user,2019-04-09 03:07:32,2019-03-08 12:27:03
70,Denny,Esh,desh1x@printfriendly.com,(203) 4643926,h70gMkzvh,user,2018-06-14 07:38:06,2019-04-18 15:50:50
71,Kippie,Sherwill,ksherwill1y@weibo.com,(205) 3147614,yU9S3Q7tfOlv,user,2018-09-19 00:23:12,2018-12-24 04:00:06
72,Bradney,Bunny,bbunny1z@gmpg.org,(746) 8458627,B3dDbbG55l,user,2019-04-30 01:47:59,2018-09-07 14:46:04
73,Tuckie,Doelle,tdoelle20@nifty.com,(476) 4770335,b4YENG,user,2019-01-31 23:20:56,2019-04-17 06:44:13
74,Henderson,Erwin,herwin21@merriam-webster.com,(612) 1692752,9CpirK,user,2018-08-11 23:03:44,2018-06-02 15:17:35
75,Catherin,Engall,cengall22@tumblr.com,(915) 2115249,HYeXWeqa,user,2018-05-16 18:04:14,2019-04-28 08:29:00
76,Bayard,Culbard,bculbard23@spiegel.de,(203) 8079141,sF9kPgIl4Oc2,user,2018-05-23 13:16:00,2018-07-18 01:55:34
77,Rosy,Mitchell,rmitchell24@hud.gov,(419) 6125442,TNfaEUyWgh,user,2019-03-28 22:20:03,2018-10-05 10:15:38
78,Sutherland,Stones,sstones25@mlb.com,(690) 5398063,MsAVX6U2hS,user,2018-05-08 20:09:40,2019-04-04 11:50:59
79,Allayne,Davidovicz,adavidovicz26@marketwatch.com,(914) 4339022,36Um3PWrbCPo,user,2018-10-30 18:09:27,2018-09-11 04:12:10
80,Cassius,Caffin,ccaffin27@reference.com,(414) 1067524,8BQkT9AeXH,user,2019-04-02 21:40:00,2019-04-14 02:18:26
81,Coop,Castelluzzi,ccastelluzzi28@angelfire.com,(165) 8425191,4Mkv6FO8l,user,2018-08-17 09:13:01,2018-12-09 13:04:21
82,Brennan,Keady,bkeady29@scientificamerican.com,(543) 2264796,gkElNa,user,2018-06-04 14:04:33,2019-01-22 03:42:41
83,Flem,Walewicz,fwalewicz2a@businesswire.com,(672) 7509509,qLWP1I,user,2018-09-01 10:33:33,2018-05-17 22:18:59
84,Sibilla,Gorman,sgorman2b@mapquest.com,(649) 6431243,kneKxLX,user,2018-09-29 18:28:36,2018-11-06 00:32:22
85,Say,Briffett,sbriffett2c@ovh.net,(716) 5065695,VyplV7LyiFi,user,2018-07-21 05:18:29,2018-08-04 13:36:17
86,Elianora,Bakewell,ebakewell2d@cmu.edu,(864) 1403271,9psvPgAqO33c,user,2018-09-08 06:04:21,2018-12-23 15:06:32
87,Faina,Saller,fsaller2e@qq.com,(143) 4725741,XabSLKqwyhXU,user,2018-09-11 08:01:04,2018-08-31 21:04:40
88,Germaine,Syred,gsyred2f@miibeian.gov.cn,(991) 1686395,lxMzs3UMY,user,2019-02-27 11:38:21,2019-01-09 15:01:39
89,Kacie,Tunnacliffe,ktunnacliffe2g@census.gov,(295) 3794474,yZcSBqO,user,2019-03-27 15:05:11,2018-07-09 05:18:17
90,Gram,Gurge,ggurge2h@cdc.gov,(900) 9232169,MP9VPtGK95S,user,2018-09-30 15:40:00,2019-01-16 19:23:37
91,Dorena,Winscum,dwinscum2i@acquirethisname.com,(967) 5341890,1QHMPlsz,user,2018-10-11 09:55:44,2019-03-27 00:49:33
92,Antonella,Geistbeck,ageistbeck2j@bbb.org,(602) 5457324,0hv73srwm,user,2019-01-25 12:12:37,2018-06-08 21:58:06
93,Paolo,Wanka,pwanka2k@multiply.com,(156) 2632235,u5Zyc8,user,2018-09-12 06:48:06,2018-07-01 16:41:01
94,Merry,Barsam,mbarsam2l@earthlink.net,(310) 2413064,kblovTq8C9,user,2019-03-06 06:43:57,2019-04-27 11:07:47
95,Allegra,Maiklem,amaiklem2m@blinklist.com,(397) 2567559,7DZjI1idNsMv,user,2018-06-25 04:56:41,2018-11-05 01:14:52
96,Arin,Lamb,alamb2n@simplemachines.org,(703) 9660927,WljQ0PkXK,user,2018-11-03 23:19:02,2018-07-12 07:28:19
97,Marv,Youthead,myouthead2o@taobao.com,(463) 5152454,dJbTNP7,user,2018-05-16 04:34:22,2019-04-22 20:02:14
98,Lockwood,McChesney,lmcchesney2p@posterous.com,(318) 2527919,fJt7V6,user,2018-07-16 06:57:56,2019-04-13 03:59:48
99,Jory,Dahler,jdahler2q@cyberchimps.com,(724) 1360205,yYMo9D,user,2018-08-24 09:23:19,2018-09-04 16:12:12
100,Portia,Fuxman,pfuxman2r@gov.uk,(974) 8426884,FbYq6Qr,user,2019-02-07 01:33:37,2018-06-14 02:30:38
101,Eulalie,Persian,epersian2s@google.de,(881) 4292755,yeQshnEL4,user,2019-02-14 02:33:07,2018-09-13 19:40:30
102,Cthrine,Beeze,cbeeze2t@apache.org,(110) 6911230,oc5cFGb1o6sZ,user,2018-08-09 09:23:24,2019-05-03 20:13:18
103,Judon,Lempenny,jlempenny2u@huffingtonpost.com,(720) 9767768,Bq8icU4bH,user,2018-06-18 23:20:31,2018-08-19 17:46:56
104,Cristie,Scamal,cscamal2v@mediafire.com,(470) 8693623,7uOieREB,user,2018-06-22 04:06:16,2018-12-26 09:07:21
105,Rossie,Pendry,rpendry2w@xrea.com,(655) 6068847,FeDrGX,user,2019-01-18 15:46:20,2019-05-01 12:55:42
106,Kaylyn,Neames,kneames2x@wired.com,(139) 6173863,lNZXs6Z1aU,user,2018-10-12 10:01:01,2018-12-29 11:10:18
107,Wynnie,Campanelle,wcampanelle2y@marriott.com,(369) 4253939,ytfyZGWCZ8,user,2018-05-31 07:02:49,2019-04-12 18:26:26
108,Odelinda,Calvie,ocalvie2z@yahoo.com,(685) 9197180,WeewnJyJND,user,2019-01-23 05:04:16,2018-05-20 09:15:54
109,Henryetta,Mogey,hmogey30@wiley.com,(988) 9062023,T0ckKffSrXnJ,user,2018-09-09 18:08:28,2018-05-12 21:45:50
110,Leonid,Taillant,ltaillant31@nature.com,(193) 2022811,0dWOpy,user,2018-06-10 23:53:27,2019-01-09 18:21:13
111,Cherey,Petrie,cpetrie32@rakuten.co.jp,(502) 3375652,BHrOPOZbXR,user,2018-12-19 16:35:25,2018-08-04 20:06:54
112,Nev,Daynter,ndaynter33@fc2.com,(387) 7470909,Crq2tFb,user,2019-01-26 22:25:12,2019-04-08 16:09:40
113,Norbert,Konrad,nkonrad34@ocn.ne.jp,(501) 5658057,LHiAug4iMf5,user,2018-11-09 16:40:20,2018-11-05 00:52:51
114,Evelyn,Dorsey,edorsey35@hostgator.com,(535) 5178087,v30e4c,user,2019-03-09 05:09:24,2018-07-10 14:18:33
115,Thorn,Dixson,tdixson36@vistaprint.com,(969) 6935932,zF7RZBhO,user,2018-09-10 18:15:54,2018-08-11 00:47:12
116,Wendye,Roughsedge,wroughsedge37@pagesperso-orange.fr,(771) 7941136,6Hsd4RV,user,2018-09-26 07:23:22,2018-10-28 00:46:07
117,Brandea,Paton,bpaton38@tripadvisor.com,(699) 4948969,vmF2aQuI,user,2019-02-03 11:09:35,2018-11-25 22:10:04
118,Miran,Meaton,mmeaton39@upenn.edu,(880) 4070777,2U5oUN,user,2018-09-23 03:49:00,2019-03-21 06:28:56
119,Kylen,Sperry,ksperry3a@cdc.gov,(568) 3689063,D1I97dIYi9,user,2019-02-27 17:28:53,2018-11-21 08:19:56
120,Boony,Brazil,bbrazil3b@wordpress.org,(924) 9417170,kAj2xT2rT,user,2019-04-28 11:42:29,2018-12-07 20:36:46
121,Killy,Atlee,katlee3c@example.com,(277) 2160019,6hvKI2p,user,2019-03-12 12:07:21,2018-05-14 03:38:39
122,Cody,Wasteney,cwasteney3d@twitter.com,(922) 1070166,P2LoQ32UIqv,user,2019-04-27 04:43:37,2018-12-06 02:35:56
123,Cicely,Regelous,cregelous3e@geocities.jp,(165) 6234062,kcmxxeHTK3v,user,2018-07-24 08:11:31,2018-10-13 21:13:18
124,Jewell,Kenford,jkenford3f@mashable.com,(244) 2131367,sGyYIHf,user,2018-09-07 06:58:51,2018-09-16 01:44:04
125,Dov,Benard,dbenard3g@gizmodo.com,(693) 4689786,Lgih4v,user,2018-05-09 19:33:50,2019-03-01 00:29:30
126,Bobbe,Kaasmann,bkaasmann3h@nih.gov,(396) 6040604,2r2Hx1h,user,2018-12-18 11:20:49,2019-02-06 23:47:06
127,Wyatan,Quarlis,wquarlis3i@independent.co.uk,(738) 6391529,eqFhDYZo,user,2018-12-06 17:04:40,2018-09-05 10:53:05
128,Modestine,Sheeres,msheeres3j@sitemeter.com,(127) 5357331,e6cDmO,user,2019-03-29 22:44:34,2018-06-27 23:12:36
129,Farah,Haworth,fhaworth3k@slashdot.org,(781) 3741523,Xw62mYJ5YCn,user,2018-07-23 20:58:49,2019-01-03 08:37:21
130,Heriberto,Chappelow,hchappelow3l@godaddy.com,(564) 4402354,wLn6asWQ4Ah,user,2018-10-14 06:53:05,2018-07-12 15:02:49
131,Hasty,Loyns,hloyns3m@tuttocitta.it,(969) 4233559,xunzwYlu,user,2018-10-12 05:55:02,2018-08-08 05:21:21
132,Dee dee,Kinneir,dkinneir3n@hexun.com,(914) 6839871,QuQmJzJi7B,user,2019-01-08 13:23:22,2019-04-24 23:51:27
133,Shem,Skaif,sskaif3o@rakuten.co.jp,(319) 9958642,XdXLPWSvF,user,2018-06-10 05:50:21,2018-07-07 08:01:47
134,Carine,Broggini,cbroggini3p@uiuc.edu,(788) 4150413,Wzop97xJ,user,2018-06-26 20:55:15,2019-04-22 06:54:42
135,Kristina,Warriner,kwarriner3q@freewebs.com,(399) 8704820,1YiXajwMgxH,user,2019-01-23 01:01:58,2018-08-04 17:10:12
136,Jacqui,Struss,jstruss3r@ed.gov,(664) 2531937,rqm2g4,user,2018-11-02 21:43:00,2019-04-29 03:53:55
137,Hatti,Spraging,hspraging3s@aboutads.info,(701) 3213501,H6nv6dnC,user,2019-01-26 22:02:58,2018-06-19 20:32:02
138,Felicia,Goulding,fgoulding3t@biblegateway.com,(415) 4230925,nmOc57dgN7,user,2019-04-01 17:51:33,2019-02-18 12:47:53
139,Kandy,Lochran,klochran3u@xrea.com,(535) 4224237,p3BM8VBiV52F,user,2019-01-10 14:54:10,2019-01-11 14:53:39
140,Ynez,O' Hogan,yohogan3v@pcworld.com,(748) 5635811,VNSFAXc,user,2018-08-10 15:13:22,2018-11-28 07:08:10
141,Nerta,Skotcher,nskotcher3w@goo.ne.jp,(700) 9543364,IoT0LX,user,2018-06-14 12:20:44,2018-06-22 14:41:41
142,Ashley,Comolli,acomolli3x@cornell.edu,(945) 5820958,XR2eaK,user,2018-06-01 17:44:35,2018-12-09 06:41:55
143,Luca,Geertz,lgeertz3y@mail.ru,(864) 7985938,8AhbGWAM,user,2018-11-24 21:00:25,2019-01-19 10:59:23
144,Ursula,Wallwood,uwallwood3z@123-reg.co.uk,(796) 8296985,5fZRPW47,user,2018-12-25 14:25:42,2018-06-26 03:24:09
145,Creight,Wyllis,cwyllis40@issuu.com,(463) 6408414,RTClg44HQsUp,user,2018-09-15 04:18:49,2018-11-08 07:03:38
146,Theodor,Larcombe,tlarcombe41@bbb.org,(734) 9288071,cCWbH4WzQm,user,2019-01-24 18:24:47,2018-09-30 23:33:04
147,Chrisse,Stockford,cstockford42@wufoo.com,(473) 6342485,8cDmsLD3,user,2018-10-21 20:26:14,2019-03-08 02:47:16
148,Auria,McRonald,amcronald43@g.co,(486) 5371189,zSP0JIO9Kw,user,2018-07-04 02:05:24,2018-10-21 15:19:08
149,Gordan,Mochar,gmochar44@cisco.com,(462) 2514726,QHZeUGCY2e,user,2018-05-08 04:49:22,2019-03-08 04:35:28
150,Scott,Grzegorczyk,sgrzegorczyk45@reverbnation.com,(995) 6313738,2mtHEPazHnA,user,2018-10-07 13:53:55,2019-01-02 07:39:55
151,Jami,Juckes,jjuckes46@illinois.edu,(184) 6883425,YArQHR1BW,user,2018-09-05 07:45:54,2018-07-20 20:51:50
152,Raviv,Slocom,rslocom47@facebook.com,(454) 7851823,BhVtu4z24y,user,2018-10-06 10:24:58,2019-02-22 00:31:56
153,Devonne,Catonnet,dcatonnet48@apache.org,(893) 5917594,CDQEr7DWYjLi,user,2018-08-03 18:24:11,2018-12-15 09:51:08
154,Bayard,Ickovitz,bickovitz49@nasa.gov,(963) 6118126,0b3Ucbjk4Of,user,2018-08-09 20:17:50,2018-08-03 00:32:40
155,Piper,Everingham,peveringham4a@google.es,(961) 6341261,cKrkytJF0,user,2018-09-28 10:37:28,2019-03-05 21:25:41
156,Siouxie,Rickwood,srickwood4b@last.fm,(501) 5819356,a3z4wBrN,user,2018-07-02 21:11:32,2018-11-17 23:26:28
157,Jessika,Doerling,jdoerling4c@ehow.com,(402) 4185826,MFV78eJpnEg,user,2018-10-21 12:28:47,2018-08-24 10:57:54
158,Chrystel,Ewin,cewin4d@abc.net.au,(118) 5005439,f3VoxHRfm,user,2018-05-10 12:51:59,2018-11-09 13:08:03
159,Alexei,Karpenya,akarpenya4e@privacy.gov.au,(633) 1036398,DIceMa1xkQ,user,2018-06-06 20:19:22,2019-03-09 18:27:10
160,Constanta,Plomer,cplomer4f@statcounter.com,(611) 7756826,J8X8ZvUebu,user,2018-08-18 22:01:50,2018-09-11 11:36:05
161,Avery,Beynon,abeynon4g@admin.ch,(306) 5331722,e3t2uC6N,user,2019-02-16 11:04:54,2018-06-27 19:55:40
162,Arlen,Osgar,aosgar4h@ihg.com,(326) 4898054,NOvz73vLy,user,2018-08-13 18:17:26,2018-07-05 21:54:26
163,Margi,Probart,mprobart4i@1688.com,(460) 1780551,OoJrdo,user,2018-06-20 01:33:08,2019-01-28 12:16:58
164,Tadeas,Pennazzi,tpennazzi4j@europa.eu,(259) 2754194,hRo8Zv,user,2018-08-17 23:35:18,2018-07-02 21:34:12
165,Davy,Stroban,dstroban4k@ameblo.jp,(167) 1986032,Lh7fYY5FAMf,user,2018-10-12 23:35:40,2019-02-02 11:05:55
166,Des,Huet,dhuet4l@tmall.com,(345) 6245670,gFYfu9og,user,2019-01-19 18:08:25,2018-12-09 05:13:30
167,Ira,Casford,icasford4m@ft.com,(566) 3335641,XIsUAg,user,2019-03-02 05:48:56,2019-04-02 12:35:25
168,Cristabel,Clixby,cclixby4n@devhub.com,(240) 6724218,pfOopU,user,2019-02-02 11:40:18,2018-07-03 02:55:51
169,Jon,Shury,jshury4o@seesaa.net,(926) 3008395,VrJcSoc8JH,user,2018-05-26 12:05:14,2018-11-28 13:02:14
170,Tailor,Adelberg,tadelberg4p@businesswire.com,(325) 9601707,1hiUhsZ,user,2018-08-25 14:40:03,2019-03-01 17:08:48
171,Lenard,Jeskins,ljeskins4q@alexa.com,(449) 5353712,RvLg4kUa47,user,2019-04-14 15:15:23,2019-04-21 03:04:37
172,Flss,Tripney,ftripney4r@free.fr,(267) 8937348,nwMxuZT,user,2018-09-28 05:52:07,2018-12-21 12:55:18
173,Elspeth,Hunton,ehunton4s@bigcartel.com,(544) 5066531,9nwl0GtzHOy,user,2018-12-15 23:53:50,2019-03-15 05:07:35
174,Ollie,Morstatt,omorstatt4t@shop-pro.jp,(137) 3980010,sZ2gzjxZB4x,user,2019-02-05 09:30:55,2018-09-22 03:41:53
175,Cristen,Kennford,ckennford4u@squarespace.com,(539) 9607751,JoLOzUpoM,user,2018-05-16 04:23:47,2018-12-14 00:24:17
176,Finlay,Brammar,fbrammar4v@amazon.co.jp,(471) 8381749,xkGhFEdL6NP,user,2018-09-09 16:42:10,2018-10-06 17:53:58
177,Monty,Lodford,mlodford4w@csmonitor.com,(103) 7480855,XjMMAmn,user,2018-11-11 08:18:38,2018-11-17 11:14:00
178,Zared,Klimkowski,zklimkowski4x@pbs.org,(990) 4810604,Yseozgj0i,user,2018-08-30 10:02:15,2018-12-04 03:14:45
179,Minerva,Spering,mspering4y@rakuten.co.jp,(611) 3545672,X45VgavBK,user,2018-12-07 01:20:39,2018-08-03 23:16:57
180,Clair,Shanks,cshanks4z@instagram.com,(280) 1010212,7ekaWeW9bOK,user,2019-05-02 04:06:36,2018-05-10 23:30:37
181,Leonhard,Cusworth,lcusworth50@people.com.cn,(444) 2916114,V1NKlPW1m,user,2018-12-12 01:57:43,2018-09-16 12:06:12
182,Fallon,Render,frender51@hhs.gov,(709) 8038668,i1KJzs,user,2018-06-18 23:26:55,2018-08-19 01:31:55
183,Elva,McGriele,emcgriele52@sohu.com,(205) 4667905,UZ5CbIyS,user,2018-07-14 13:58:54,2018-11-21 12:19:53
184,Andie,Bullivant,abullivant53@over-blog.com,(743) 4726680,9zwDwlbE5hF8,user,2018-11-04 00:55:08,2018-10-24 20:41:33
185,Padget,Willison,pwillison54@surveymonkey.com,(438) 5247513,wFtmCSgW,user,2018-11-09 08:39:42,2019-01-08 04:52:18
186,Hyman,Littlefield,hlittlefield55@trellian.com,(561) 9063317,LQUakum2,user,2018-05-29 00:53:31,2019-03-09 06:34:00
187,Jeri,Duchenne,jduchenne56@nymag.com,(257) 3625152,i2qG9RdgnZ,user,2019-05-05 13:36:57,2018-07-01 18:32:12
188,Katuscha,Wagerfield,kwagerfield57@nasa.gov,(173) 6469407,vVf6JnM,user,2019-01-10 05:12:52,2018-05-22 18:02:42
189,Leelah,McCobb,lmccobb58@weebly.com,(388) 4141905,tedCqcH77J,user,2019-03-19 01:50:10,2019-03-24 01:46:14
190,Cassy,Ruskin,cruskin59@ning.com,(401) 6170059,gHOL9MWrWvPe,user,2019-04-18 20:55:20,2018-11-15 23:19:38
191,Kelsy,Vanyukhin,kvanyukhin5a@eventbrite.com,(429) 4234904,jtquWMXl,user,2018-09-02 16:03:14,2018-06-22 17:01:14
192,Brooke,Kondratenya,bkondratenya5b@blogtalkradio.com,(110) 1160136,9iUrTwvfqN,user,2018-08-19 21:29:05,2018-08-09 03:44:57
193,Lenee,McShee,lmcshee5c@addthis.com,(288) 8434213,9YYcTfY,user,2019-03-30 07:02:54,2019-02-13 02:09:53
194,Rolph,Happel,rhappel5d@cisco.com,(650) 9764081,CZf1g65,user,2019-01-24 20:49:53,2018-12-07 04:30:29
195,Averill,Sturdey,asturdey5e@artisteer.com,(856) 6681512,eEdbMSlz,user,2019-03-19 21:48:21,2019-01-10 22:58:56
196,Essie,Antrack,eantrack5f@ibm.com,(743) 3878612,IcLlzgB77,user,2019-04-17 22:47:28,2019-02-02 03:11:00
197,Carrol,Adkins,cadkins5g@privacy.gov.au,(609) 9403454,jTMlkYte,user,2019-03-30 05:45:59,2018-08-19 22:46:24
198,Kaitlynn,Whitelock,kwhitelock5h@wisc.edu,(307) 1899658,fhpLPmo8Y,user,2018-10-18 17:59:38,2019-01-15 21:37:44
199,Theodore,Jarvis,tjarvis5i@oracle.com,(510) 3092145,Nt133FZPTB,user,2018-08-05 16:55:06,2018-06-30 19:23:27
200,Noble,Bernadot,nbernadot5j@wix.com,(773) 5058951,aBS1Pu,user,2019-02-07 10:32:11,2018-08-03 14:49:59
201,Super,Admin,test3@test.com,(773) 5058951,aBS1Pu,admin,2019-02-07 10:32:11,2018-08-03 14:49:59
202,Super,Admin,admin@foodie.com,(773) 5058951,aBS1Pu,admin,2019-02-07 10:32:11,2018-08-03 14:49:59